last_name,id,first_name,email
Moen,"7dd682d6-6472-4a83-bc19-7ee714b2300c",Lida,EPI44n.QnYBv@I3KB.net
Morar,"25adb730-07a0-4375-a804-c99ba0c62f5a",Coy,Fch.QgsebILc@TvfcCZ.io
Gaylord,"cee999b2-62f1-4cad-b3eb-70b4c1004cdc",Seymour,"EYaM1MX.MCtMCpb@M00pD0i.inc"
Ritchie,"1342ac68-b0ea-45d0-a897-04ddfe537308",Maurita,GgtAf.ozt@lFcT3Z.inc
Bednar,"d154e4ab-e3f3-4df3-83a9-0b0073f1c1dc",Gayle,F15.KPkXNxNr@QaXYsC.ai
Friesen,"5628f5c5-60e0-4f7f-983a-efeddff40c99",Dwana,Dn7.HbnLD@6y7Dpg.net
Hayes,"7ab10518-3128-4faf-b4fb-f9443daa6705",Tyra,RGi.coAH@nGKegu0H.ai
Robel,"d024a81c-8751-48e7-80e6-846ee8953461",Michael,KMqyl91.s7a2@5Gy4v.com
Wisozk,"04ca7f8e-3610-4d08-aca6-f1a5d03cf350",Sebastian,o9t.YciDf@iKd5zdw.org
Hagenes,"3a822986-898e-40a1-9c6f-36553eb1644c",Beverlee,AzvVQDN.XGWr6M@YfX.com
Beer,"fb575b2f-08eb-4776-b198-5cf72f922e8d",Antonia,"uR4zXlBT.U1MWO5@qdFsb.org"
Wolff,"e7c1bd69-8fa9-4aed-a6f9-b0ea7f9d97bd",Tran,PgOKm.97oy@H8gU.app
Boehm,"a86ed04b-fae5-43f4-8b60-58e5559c764b",Luisa,"unv4NYkt.dw00QWp@JveF.net"
Smith,"33ce67f6-d128-46b1-96e6-985b18aff76d",Bessie,sAiXdK6.bzk@NnBSz.app
Denesik,"97ffee5d-eb46-47bf-a428-16a6dde0dbf4",Dario,A3h.AcC@KJa.com
Bode,"d21c5ebf-16c2-485e-bb6d-7c96379f3713",Malcolm,t5w0.nHq0pL@4G1qn.org
Swift,"e1d3dbcf-34af-46e7-95bf-ff12fe549f06",Joannie,NzK.NuLv@xDknkN.inc
Heaney,"95c44004-e630-4dd8-acde-e20da69d8e1c",Art,YI8RKh.XbR6Zz@u16p.net
Veum,"d2289f6a-b8bd-4377-9039-f92acadc8903",Dodie,A84fX.Bqb@lLvLh.net
Waters,"7d5cdb7d-a5dd-4c29-bb2b-5a12a1cacf41",Kathlyn,PZZ.LWly56ZF@TQj.com
Pagac,"3fd0192e-43e7-4d06-98c7-3a89949ce0b0",Delpha,Ao5.I37@mXKa6ZxN.ai
Kunde,"957b87cf-07ae-483d-8c6e-defe5a7f3d60",Edmond,CXW.ByOV@lpv9JCe.io
Bogisich,"9a9c748a-f702-465e-94b4-8cb1cf989cf6",Jude,fGrkGV.FH3tph@XGgEu6.io
Ledner,"fc607d4a-8839-4935-8b3e-f74d6544ef11",Jamey,syf2Rg.sPZ8@mDst.org
Schroeder,"71cebe3c-7379-465d-b396-0997cccdcf5c",Clarisa,naSOz.6B1lz@urw7k.ai
Schulist,"5f6ef834-3016-488b-b43a-020d447949c7",Elmo,"ZLpGEX5.lcXh3sF4@gMRwjiO2.com"
Sipes,"b369daf4-ea4e-411d-9315-a214bd842f91",Miesha,"ESKZvDAP.E8oPaR@dXfmsV51.info"
Pacocha,"48b6ffe2-cfb0-46fb-860a-e55f5b776bb2",Gabriel,i6L3is7.9lvyn@HXRfe.app
Wiegand,"65423c6d-c5f8-4b09-875d-47ef0e07ec90",Ashlee,e3Z.nJKdMt@XFrD.io
Schulist,"0e7c791e-d56f-4e9e-9413-80346155ff47",Odelia,Z7o.LHv@kK2WE.net
Hill,"e746f912-469d-44b0-957e-6a21dd8365c4",Dong,pEk.UNhwh9d@ylcqmoZ.com
Kautzer,"ccb02f4d-cc10-480f-a92a-3b9a948462d7",James,yrLR2.AyNQ@DgMV2r.io
Kihn,"d5c13fed-e35e-4804-8d5f-afc0fcd79df2",Elijah,xtTD.UZRglM@47AbVZ.com
Tillman,"4ad15c3f-1c88-48da-9164-fa9d01ddcbef",Timothy,DBS.0EG@onKXUfoJ.inc
Fahey,"f67b77d8-706c-4763-95a7-fbaae958eb80",Bennett,"Qi7i.soWDYPkt@ML4rpwN.com"
Erdman,"960911ee-5bd6-4067-943e-d65ed5070dfe",Shirlene,"1NIm.DGPae5p@E3lwiQl.info"
Nienow,"58b4f590-ad68-4e22-ac09-6acb51b304f7",Cleveland,f5y.Zwb5zxK@DkA.org
Wisozk,"c9818896-7e8c-47a1-8557-a4768a3eacb2",Angle,EkvmuG6.LC7N6@yOvjcC.com
Kshlerin,"5ad91e94-6dd8-4a05-9943-ea85f2d6c91e",Eldridge,"FHalnbLA.cWuugjo@GomPg.com"
Abernathy,"3e8f274a-f7c6-4c3b-be60-11eb8f37c6fb",Morris,5ynp6xT.13B@2qiwnw.net
Ritchie,"ecfc7034-6a3c-4a8a-a30b-daa7c9d8738b",Brady,WhNml.FNuLv@DmuF.ai
McDermott,"ad262e6f-7765-4652-bd2d-a73c2ad0c1f4",Don,"vHgSrqi.8p9w8Opc@gNSlW4.app"
Hyatt,"56e00b5b-71ed-4502-ab53-a0d6c7124b37",Mathew,OJ2vDs.2ku9DG@5ag.org
MacGyver,"1b88ce77-bd66-43b6-87d5-6e3c0ae5d858",Elwanda,"swOmh5NR.JhPoXd@n2yQj.org"
"O'Connell","f02971a5-26da-4e40-8f0b-e82784803ede",Shaquita,"6bUcjf6.9UPRAMJE@WTmkLI.org"
McLaughlin,"21aafae0-33f8-40c7-8b38-f35f7923dcd2",Marianne,GK4np1W.jgn1@3UcsSK9.com
Hermann,"79232ca5-73a6-479e-99f6-bda5afd7d331",Arlette,asWKx33.w0BY7mF@j8mh.org
Hills,"706b6915-8b1f-4b26-9d8a-92e416caa0db",Octavio,ZYco.wxt33S0q@oITTE.app
Lindgren,"c0de0d08-8aba-41cf-ac88-cfb95b640135",Herschel,Kie4.NWHl@XFon.net
Koepp,"94f8195e-8b89-47a9-96dd-70fa51b1f6eb",Josephina,soS1W3A.ZeL4@Gcd4XG.org
