email,new_email,id
aybo1y.27f5@uln.net,71r6r.mimftfjh@qhv.app,22
s7k0d.qjexi@v3tq23yp.io,"uhtlh6.4edn@apfcsdou.info",23
6chq7c.dxrs@whldvcq.io,8lwz.s9u@qvjiii7.com,24
vjcjehq.jnbtst@xth.com,6vgz.pnaq@6toxd3h.info,25
mgfzni.mf4c3@p3k7m.info,"mh4cn54n.ugakgiu@4xxkepzd.org",26
ai7d3.ikzv9@iqvasbs8.org,"eblbcr.jjrqwogl@idoko.com",27
7lbctdn.ztytra7@boa.net,00c0.4ndmemeq@yevi3qo.io,28
"zckxy1gb.jsj6yaja@gcim.info",jsfpw3b.6ly2x@gq9uq.io,29
"4elyuw.fv9hszhk@au9odu7.net","h636b.j9svd2sp@rc8vv8tl.info",30
"jtcng3m.1mjo7ak@5fa9q.app",vw1li.xlw7x5jd@iswcq.inc,10
rpw.encj1cdx@ba15xqsg.ai,m7dxel.6731@j3adzp8x.ai,11
fbiz.vryk3e@ztkx.info,"tkjb4sv.d0giflg@h7bh5xcq.app",12
aapw.ytkv82y@mxkg1y.io,irouhucn.fsjuogn@vlg.app,13
jl3oy.e6dti@xrt1mx.net,"hb8plsu.7pihj25y@sfw9ejw.io",14
odbswijr.u6r@szu.org,kyu6amt.gg4qzbc@9x6b.net,15
ik77m.xenipc8@yt72.ai,"ustouav.5kypujby@nieqh.app",16
slg98f.smmoqw@ec6.app,fu5c.prw37tf@7sym.inc,17
ofs2doz.swze6g@xnj.ai,6sqvhk.h6fhg@bcs.io,18
t3sagmy.iing4w@w8z2m.com,"ry2tc98.bawmh2@b14ox5.app",19
"caldo.uve0eww@4bdmr5g.net","mxyx.u1stw6a@pea1zeuz.inc",1
vzc3mci.yijm@g75.info,hxusf.l2hqoi@wxpzfm.info,2
xtsb.8e7rhnt@3dskei.io,lzevix.upw@2d3vmn.net,3
hrffo.naxymd@5tiz.app,zlixdcg.edwpe@8nef.com,4
vtzlawkg.kjnspgs@gw21.io,owve.z8i7@pvlvsiw.org,5
sdh.mz082xk@2upy9.org,"4ytps8f.ivhren@axldzz7r.org",6
4igph85.twh@zslfhiid.org,koquyzo.ded3@3ae.com,7
"nslg00m6.om4a5vq@e8gk.net",dsq.nsgt@spom.inc,8
sdtpc.x6lcb@8nky7dq.io,mft.prz@mof69kf.com,9
rjsqbj2.bufys@qnlf.com,"s5eybv.2v6q7we@u8rck3hg.app",20
6xpi.o9oks@58ivm0yi.io,ikxhryea.a1b@cv9tjw.io,21
