group,customer_id,email,password,username
1,1,"caldo.uve0eww@4bdmr5g.net",passw0rd,herta.krajcik
1,2,vzc3mci.yijm@g75.info,passw0rd,rolando.kozey
1,3,xtsb.8e7rhnt@3dskei.io,passw0rd,jerold.bayer
1,4,hrffo.naxymd@5tiz.app,passw0rd,eric.rosenbaum
1,5,vtzlawkg.kjnspgs@gw21.io,passw0rd,gary.parisian
1,6,sdh.mz082xk@2upy9.org,passw0rd,jan.labadie
1,7,4igph85.twh@zslfhiid.org,passw0rd,elbert.moen
1,8,"nslg00m6.om4a5vq@e8gk.net",passw0rd,ramiro.lang
1,9,sdtpc.x6lcb@8nky7dq.io,passw0rd,"rocky.o'keefe"
1,10,"jtcng3m.1mjo7ak@5fa9q.app",passw0rd,neville.johnston
1,11,rpw.encj1cdx@ba15xqsg.ai,passw0rd,danial.ryan
1,12,fbiz.vryk3e@ztkx.info,passw0rd,miquel.muller
1,13,aapw.ytkv82y@mxkg1y.io,passw0rd,clora.powlowski
1,14,jl3oy.e6dti@xrt1mx.net,passw0rd,"bettye.o'conner"
1,15,odbswijr.u6r@szu.org,passw0rd,hana.dooley
1,16,ik77m.xenipc8@yt72.ai,passw0rd,wilton.murphy
1,17,slg98f.smmoqw@ec6.app,passw0rd,prince.toy
1,18,ofs2doz.swze6g@xnj.ai,passw0rd,lisabeth.weimann
1,19,t3sagmy.iing4w@w8z2m.com,passw0rd,hipolito.bayer
1,20,rjsqbj2.bufys@qnlf.com,passw0rd,irvin.mante
1,21,6xpi.o9oks@58ivm0yi.io,passw0rd,elbert.runolfsdottir
1,22,aybo1y.27f5@uln.net,passw0rd,elly.hickle
1,23,s7k0d.qjexi@v3tq23yp.io,passw0rd,damion.wunsch
1,24,6chq7c.dxrs@whldvcq.io,passw0rd,asha.moore
1,25,vjcjehq.jnbtst@xth.com,passw0rd,harvey.trantow
1,26,mgfzni.mf4c3@p3k7m.info,passw0rd,mayra.cummerata
1,27,ai7d3.ikzv9@iqvasbs8.org,passw0rd,bennett.moen
1,28,7lbctdn.ztytra7@boa.net,passw0rd,alex.nicolas
1,29,"zckxy1gb.jsj6yaja@gcim.info",passw0rd,vicky.white
1,30,"4elyuw.fv9hszhk@au9odu7.net",passw0rd,lashandra.rolfson
